iau_name,ra_str,dec_str,pos_code,pos_ref,alt_name,epoch,flux_P_jy,flux_L_jy,flux_C_jy,flux_X_jy,flux_U_jy,flux_K_jy,flux_Q_jy,struct_L_A,struct_L_B,struct_L_C,struct_L_D
0003-174,00h03m21.9969s,"-17d27'11.781""",T,,,J2000,,,,,,,,,,,
0006-063,00h06m13.892894s,"-06d23'35.335300""",A,Aug01,,J2000,,,,,,,,,,,
0006-000,00h06m22.6338s,"-00d04'24.086""",T,3C2,,J2000,,,,,,,,,,,
0010-418,00h10m52.519686s,"-41d53'10.790750""",C,Aug01,,J2000,,,,,,,,,,,
0011-262,00h11m01.246752s,"-26d12'33.377130""",A,Aug01,,J2000,,,,,,,,,,,
0012-399,00h12m59.9080s,"-39d54'25.836""",C,Jan00,,J2000,,,,,,,,,,,
0016-002,00h16m11.088554s,"-00d15'12.445280""",A,Aug01,,J2000,,,,,,,,,,,
0018-127,00h18m51.4001s,"-12d42'33.214""",T,,,J2000,,,,,,,,,,,
0024-420,00h24m42.989921s,"-42d02'03.950200""",B,Aug01,,J2000,,,,,,,,,,,
0025-260,00h25m49.1683s,"-26d02'12.695""",C,,,J2000,,,,,,,,,,,
0035-200,00h35m08.7836s,"-20d03'59.664""",T,,,J2000,,,,,,,,,,,
0038-213,00h38m29.954721s,"-21d20'04.022270""",B,Aug01,,J2000,,,,,,,,,,,
0040-017,00h40m57.611582s,"-01d46'32.025620""",A,Aug01,,J2000,,,,,,,,,,,
0042-442,00h42m09.4222s,"-44d14'15.581""",T,,,J2000,,,,,,,,,,,
0044-355,00h44m41.2294s,"-35d30'41.628""",T,,,J2000,,,,,,,,,,,
0050-094,00h50m41.317390s,"-09d29'05.210210""",A,Aug01,,J2000,,,,,,,,,,,
0051-068,00h51m08.209796s,"-06d50'02.228140""",A,Aug01,,J2000,,,,,,,,,,,
0054-035,00h54m08.4465s,"-03d33'55.363""",T,3C26,,J2000,,,,,,,,,,,
0059-170,00h59m06.6845s,"-17d00'38.522""",T,,,J2000,,,,,,,,,,,
0106-405,01h06m45.107966s,"-40d34'19.960360""",B,Aug01,,J2000,,,,,,,,,,,
0110-076,01h10m50.020945s,"-07d41'41.113690""",A,Aug01,,J2000,,,,,,,,,,,
0115-014,01h15m17.099972s,"-01d27'04.577370""",A,Aug01,,J2000,,,,,,,,,,,
0116-116,01h16m12.521963s,"-11d36'15.434050""",A,Aug01,,J2000,,,,,,,,,,,
0116-208,01h16m51.4043s,"-20d52'06.813""",C,,,J2000,,,,,,,,,,,
0118-216,01h18m57.262140s,"-21d41'30.139550""",A,Aug01,,J2000,,,,,,,,,,,
0120-153,01h20m27.1972s,"-15d20'16.631""",T,3C38,,J2000,,,,,,,,,,,
0120-270,01h20m31.663334s,"-27d01'24.652570""",A,Aug01,,J2000,,,,,,,,,,,
0125-000,01h25m28.843788s,"-00d05'55.931800""",A,Aug01,,J2000,,,,,,,,,,,
0132-169,01h32m43.487454s,"-16d54'48.521370""",A,Aug01,,J2000,,,,,,,,,,,
0134-387,01h34m32.0382s,"-38d43'33.514""",C,Jan00,,J2000,,,,,,,,,,,
0134-095,01h34m35.6676s,"-09d31'03.072""",C,,,J2000,,,,,,,,,,,
0135-201,01h35m37.509375s,"-20d08'45.861680""",A,Aug01,,J2000,,,,,,,,,,,
0137-245,01h37m38.346378s,"-24d30'53.885260""",A,Aug01,,J2000,,,,,,,,,,,
0141-094,01h41m25.832025s,"-09d28'43.673810""",A,Aug01,,J2000,,,,,,,,,,,
0141-271,01h41m27.1913s,"-27d06'07.125""",T,,,J2000,,,,,,,,,,,
0145-275,01h45m03.394589s,"-27d33'34.328870""",A,Aug01,,J2000,,,,,,,,,,,
0150-074,01h50m02.697304s,"-07d25'48.488550""",B,Aug01,,J2000,,,,,,,,,,,
0153-331,01h53m10.121744s,"-33d10'25.861310""",A,Aug01,,J2000,,,,,,,,,,,
0155-408,01h55m37.059378s,"-40d48'42.356450""",B,Aug01,,J2000,,,,,,,,,,,
0157-107,01h57m41.5280s,"-10d43'40.408""",T,,,J2000,,,,,,,,,,,
0201-115,02h01m57.1647s,"-11d32'33.133""",T,3C57,,J2000,,,,,,,,,,,
0203-438,02h03m40.7543s,"-43d49'50.783""",T,,,J2000,,,,,,,,,,,
0204-170,02h04m57.674350s,"-17d01'19.840180""",A,Aug01,,J2000,,,,,,,,,,,
0208-004,02h08m26.3466s,"-00d47'44.292""",B,Nov02,JVAS,J2000,,,,,,,,,,,
0209-046,02h09m30.7666s,"-04d38'26.150""",B,Nov02,JVAS,J2000,,,,,,,,,,,
0215-023,02h15m42.017245s,"-02d22'56.751750""",A,Aug01,,J2000,,,,,,,,,,,
0220-019,02h20m54.2800s,"-01d56'51.800""",T,Oct99,3C63,J2000,,,,,,,,,,,
0222-346,02h22m56.401625s,"-34d41'28.730110""",A,Aug01,,J2000,,,,,,,,,,,
0231-395,02h31m51.7886s,"-39d35'45.744""",C,,,J2000,,,,,,,,,,,
0239-025,02h39m45.472266s,"-02d34'40.914300""",A,Aug01,,J2000,,,,,,,,,,,
0240-231,02h40m08.174510s,"-23d09'15.730850""",B,Aug01,,J2000,,,,,,,,,,,
0241-082,02h41m04.798520s,"-08d15'20.751840""",A,Aug01,,J2000,,,,,,,,,,,
0242-215,02h42m35.909850s,"-21d32'25.935070""",A,Aug01,,J2000,,,,,,,,,,,
0242-000,02h42m40.7343s,"-00d00'47.237""",T,3C71,,J2000,,,,,,,,,,,
0312-148,03h12m46.3988s,"-14d49'52.051""",T,,,J2000,,,,,,,,,,,
0329-239,03h29m54.075537s,"-23d57'08.773300""",A,Aug01,,J2000,,,,,,,,,,,
0334-401,03h34m13.654494s,"-40d08'25.397980""",B,Aug01,,J2000,,,,,,,,,,,
0339-017,03h39m30.937787s,"-01d46'35.803990""",A,Aug01,,J2000,,,,,,,,,,,
0340-213,03h40m35.607864s,"-21d19'31.172230""",A,Aug01,,J2000,,,,,,,,,,,
0348-278,03h48m38.144561s,"-27d49'13.565300""",A,Aug01,,J2000,,,,,,,,,,,
0402-317,04h02m21.266027s,"-31d47'25.945580""",A,Aug01,,J2000,,,,,,,,,,,
0403-360,04h03m53.749908s,"-36d05'01.913200""",B,Aug01,,J2000,,,,,,,,,,,
0405-131,04h05m34.003401s,"-13d08'13.691050""",A,Aug01,,J2000,,,,,,,,,,,
0406-384,04h06m59.035347s,"-38d26'28.042060""",A,Aug01,,J2000,,,,,,,,,,,
0407-330,04h07m33.9211s,"-33d03'46.001""",C,,,J2000,,,,,,,,,,,
0409-126,04h09m05.769732s,"-12d38'48.144100""",A,Aug01,,J2000,,,,,,,,,,,
0409-179,04h09m06.7000s,"-17d57'10.039""",T,,,J2000,,,,,,,,,,,
0413-345,04h13m00.9438s,"-34d30'10.193""",T,,,J2000,,,,,,,,,,,
0416-209,04h16m04.359742s,"-20d56'27.517790""",A,Aug01,,J2000,,,,,,,,,,,
0416-188,04h16m36.544466s,"-18d51'08.340120""",A,Aug01,,J2000,,,,,,,,,,,
0423-013,04h23m15.800727s,"-01d20'33.065310""",A,Aug01,,J2000,,,,,,,,,,,
0424-379,04h24m42.243727s,"-37d56'20.784230""",A,Aug01,,J2000,,,,,,,,,,,
0428-379,04h28m40.424306s,"-37d56'19.580310""",A,Aug01,,J2000,,,,,,,,,,,
0429-344,04h29m47.2210s,"-34d26'41.760""",T,,,J2000,,,,,,,,,,,
0437-187,04h37m01.482736s,"-18d44'48.613410""",B,Aug01,,J2000,,,,,,,,,,,
0439-453,04h39m00.854714s,"-45d22'22.562600""",A,Aug01,,J2000,,,,,,,,,,,
0440-435,04h40m17.179992s,"-43d33'08.604060""",A,Aug01,,J2000,,,,,,,,,,,
0441-336,04h41m33.7754s,"-33d40'03.721""",C,,,J2000,,,,,,,,,,,
0442-002,04h42m38.660762s,"-00d17'43.419100""",A,Aug01,,J2000,,,,,,,,,,,
0447-220,04h47m37.2822s,"-22d03'36.8051""",C,Jan97,,J2000,,,,,,,,,,,
0449-391,04h49m42.2594s,"-39d11'09.056""",C,,,J2000,,,,,,,,,,,
0453-281,04h53m14.646807s,"-28d07'37.327600""",A,Aug01,,J2000,,,,,,,,,,,
0455-205,04h55m23.6635s,"-20d34'14.511""",T,,,J2000,,,,,,,,,,,
0455-462,04h55m50.772498s,"-46d15'58.682330""",B,Aug01,,J2000,,,,,,,,,,,
0457-234,04h57m03.179230s,"-23d24'52.020050""",A,Aug01,,J2000,,,,,,,,,,,
0501-019,05h01m12.809888s,"-01d59'14.256200""",A,Aug01,,J2000,,,,,,,,,,,
0513-219,05h13m49.114326s,"-21d59'16.092020""",A,Aug01,,J2000,,,,,,,,,,,
0516-160,05h16m15.929354s,"-16d03'07.634560""",A,Aug01,,J2000,,,,,,,,,,,
0521-207,05h21m38.8950s,"-20d47'39.388""",T,,,J2000,,,,,,,,,,,
0522-364,05h22m57.984651s,"-36d27'30.850920""",A,Aug01,,J2000,,,,,,,,,,,
0530-250,05h30m07.962795s,"-25d03'29.899590""",A,Aug01,,J2000,,,,,,,,,,,
0536-340,05h36m28.4383s,"-34d01'11.381""",C,,,J2000,,,,,,,,,,,
0538-440,05h38m50.361551s,"-44d05'08.939080""",A,Aug01,,J2000,,,,,,,,,,,
0539-158,05h39m32.010154s,"-15d50'30.321260""",A,Aug01,,J2000,,,,,,,,,,,
0539-286,05h39m54.281429s,"-28d39'55.947450""",A,Aug01,,J2000,,,,,,,,,,,
0541-056,05h41m38.083384s,"-05d41'49.428390""",A,Aug01,,J2000,,,,,,,,,,,
0604-424,06h04m25.1779s,"-42d25'29.593""",C,Feb97,,J2000,,,,,,,,,,,
0607-085,06h07m59.699243s,"-08d34'49.978150""",A,Aug01,,J2000,,,,,,,,,,,
0608-223,06h08m59.686836s,"-22d20'20.955920""",A,Aug01,,J2000,,,,,,,,,,,
0609-157,06h09m40.949538s,"-15d42'40.672640""",A,Aug01,,J2000,,,,,,,,,,,
0616-349,06h16m35.981384s,"-34d56'16.564670""",C,Aug01,,J2000,,,,,,,,,,,
0617-365,06h17m32.323928s,"-36d34'14.801892""",A,,,J2000,,,,,,,,,,,
0627-058,06h27m10.0960s,"-05d53'04.768""",C,3C161,,J2000,,,,,,,,,,,
0629-199,06h29m23.761851s,"-19d59'19.723450""",A,Aug01,,J2000,,,,,,,,,,,
0631-419,06h31m11.998059s,"-41d54'26.946110""",A,Aug01,,J2000,,,,,,,,,,,
0639-337,06h39m20.904674s,"-33d46'00.113060""",A,Aug01,,J2000,,,,,,,,,,,
0641-033,06h41m51.1335s,"-03d20'48.500""",C,Oct01,VERA,J2000,,,,,,,,,,,
0644-349,06h44m25.2817s,"-34d59'42.140""",C,,,J2000,,,,,,,,,,,
0648-307,06h48m14.096441s,"-30d44'19.659400""",A,Aug01,,J2000,,,,,,,,,,,
0650-166,06h50m24.581852s,"-16d37'39.725000""",A,Aug01,,J2000,,,,,,,,,,,
0653-064,06h53m00.5987s,"-06d25'32.520""",C,Oct01,VERA,J2000,,,,,,,,,,,
0656-033,06h56m11.1223s,"-03d23'06.638""",C,Oct01,VERA,J2000,,,,,,,,,,,
0702-102,07h02m35.7542s,"-10d15'06.360""",B,Jun02,AW574,J2000,,,,,,,,,,,
0703-008,07h03m19.1067s,"-00d51'04.949""",B,Nov02,JVAS,J2000,,,,,,,,,,,
0706-231,07h06m33.4782s,"-23d11'37.530""",T,,,J2000,,,,,,,,,,,
0709-114,07h09m10.4064s,"-11d27'48.444""",B,Jun02,AW574,J2000,,,,,,,,,,,
0710-037,07h10m20.1341s,"-03d43'27.795""",C,Oct01,VERA,J2000,,,,,,,,,,,
0724-072,07h24m17.2992s,"-07d15'20.259""",C,Oct01,VERA,J2000,,,,,,,,,,,
0725-190,07h25m50.1659s,"-19d04'19.094""",B,Jun02,AW574,J2000,,,,,,,,,,,
0725-009,07h25m50.639953s,"-00d54'56.544380""",A,Aug01,,J2000,,,,,,,,,,,
0729-366,07h29m05.415916s,"-36d39'45.240505""",A,USNO,,J2000,,,,,,,,,,,
0730-116,07h30m19.112472s,"-11d41'12.600480""",A,Aug01,,J2000,,,,,,,,,,,
0731-236,07h31m06.6670s,"-23d41'47.827""",B,Jun02,AW574,J2000,,,,,,,,,,,
0731-224,07h31m31.5143s,"-22d24'21.088""",B,Jun02,AW574,J2000,,,,,,,,,,,
0735-175,07h35m45.812488s,"-17d35'48.502230""",A,Aug01,,J2000,,,,,,,,,,,
0738-333,07h38m16.949164s,"-33d22'12.777610""",B,Aug01,,J2000,,,,,,,,,,,
0738-304,07h38m19.7921s,"-30d25'04.886""",T,,,J2000,,,,,,,,,,,
0738-064,07h38m57.175504s,"-06d26'58.056540""",A,Aug01,,J2000,,,,,,,,,,,
0740-247,07h40m14.7190s,"-24d44'36.713""",B,Jun02,AW574,J2000,,,,,,,,,,,
0744-064,07h44m21.6605s,"-06d29'35.888""",C,,,J2000,,,,,,,,,,,
0745-007,07h45m54.082313s,"-00d44'17.539800""",B,Aug01,,J2000,,,,,,,,,,,
0746-159,07h46m18.2355s,"-15d55'34.472""",C,Oct01,VERA,J2000,,,,,,,,,,,
0747-331,07h47m19.6883s,"-33d10'47.127""",C,,,J2000,,,,,,,,,,,
0748-166,07h48m03.0880s,"-16d39'50.160""",C,Oct01,VERA,J2000,,,,,,,,,,,
0749-442,07h49m42.2556s,"-44d12'29.519""",T,,,J2000,,,,,,,,,,,
0801-285,08h01m46.4948s,"-28d31'06.886""",B,Jun02,AW574,J2000,,,,,,,,,,,
0804-278,08h04m51.451191s,"-27d49'11.320180""",A,Aug01,,J2000,,,,,,,,,,,
0806-268,08h06m12.722573s,"-26d52'33.307830""",A,Aug01,,J2000,,,,,,,,,,,
0808-078,08h08m15.536036s,"-07d51'09.886340""",A,Aug01,,J2000,,,,,,,,,,,
0814-356,08h14m14.6463s,"-35d38'25.593""",T,,,J2000,,,,,,,,,,,
0815-031,08h15m27.8340s,"-03d08'26.847""",T,3C196,.1,J2000,,,,,,,,,,,
0820-129,08h20m57.447616s,"-12d58'59.169490""",A,Aug01,,J2000,,,,,,,,,,,
0826-225,08h26m01.572909s,"-22d30'27.202110""",A,Aug01,,J2000,,,,,,,,,,,
0827-204,08h27m17.2081s,"-20d26'21.716""",T,,,J2000,,,,,,,,,,,
0828-375,08h28m04.780268s,"-37d31'06.280640""",A,Aug01,,J2000,,,,,,,,,,,
0835-451,08h35m20.655175s,"-45d10'35.153252""",A,USNO,,J2000,,,,,,,,,,,
0836-202,08h36m39.215215s,"-20d16'59.503500""",A,Aug01,,J2000,,,,,,,,,,,
0837-198,08h37m11.1820s,"-19d51'56.810""",T,,,J2000,,,,,,,,,,,
0846-261,08h46m00.733855s,"-26d10'54.155700""",B,Aug01,,J2000,,,,,,,,,,,
0853-207,08h53m00.2659s,"-20d47'28.094""",T,,,J2000,,,,,,,,,,,
0900-281,09h00m40.0390s,"-28d08'20.350""",C,May02,,J2000,,,,,,,,,,,
0902-142,09h02m16.830907s,"-14d15'30.875380""",A,Aug01,,J2000,,,,,,,,,,,
0921-263,09h21m29.353874s,"-26d18'43.386040""",B,Aug01,,J2000,,,,,,,,,,,
0922-399,09h22m46.418268s,"-39d59'35.067510""",A,Aug01,,J2000,,,,,,,,,,,
0927-205,09h27m51.824323s,"-20d34'51.232660""",A,Aug01,,J2000,,,,,,,,,,,
0943-083,09h43m36.944364s,"-08d19'30.812400""",B,Aug01,,J2000,,,,,,,,,,,
1001-446,10h01m59.908051s,"-44d38'00.603130""",B,Aug01,,J2000,,,,,,,,,,,
1007-021,10h07m04.349917s,"-02d07'10.917720""",A,Aug01,,J2000,,,,,,,,,,,
1018-317,10h18m09.2675s,"-31d44'13.983""",C,Dec99,,J2000,,,,,,,,,,,
1018-313,10h18m28.7520s,"-31d23'53.878""",C,,,J2000,,,,,,,,,,,
1020-428,10h20m03.3547s,"-42d51'41.536""",T,,,J2000,,,,,,,,,,,
1024-008,10h24m29.586611s,"-00d52'55.497850""",B,Aug01,,J2000,,,,,,,,,,,
1033-343,10h33m13.0866s,"-34d18'45.424""",T,,,J2000,,,,,,,,,,,
1035-201,10h35m02.155274s,"-20d11'34.359750""",A,Aug01,,J2000,,,,,,,,,,,
1037-295,10h37m16.079734s,"-29d34'02.813220""",B,Aug01,,J2000,,,,,,,,,,,
1039-156,10h39m06.705086s,"-15d41'06.691840""",A,Aug01,,J2000,,,,,,,,,,,
1048-191,10h48m06.620606s,"-19d09'35.726950""",A,Aug01,,J2000,,,,,,,,,,,
1048-412,10h48m38.2710s,"-41d14'00.080""",C,May02,,J2000,,,,,,,,,,,
1051-316,10h51m04.777538s,"-31d38'14.307410""",A,Aug01,,J2000,,,,,,,,,,,
1057-245,10h57m55.410047s,"-24d33'48.871750""",C,Aug01,,J2000,,,,,,,,,,,
1103-328,11h03m31.526418s,"-32d51'16.691690""",A,Aug01,,J2000,,,,,,,,,,,
1106-211,11h06m22.3200s,"-21d08'59.642""",T,,,J2000,,,,,,,,,,,
1107-448,11h07m08.694135s,"-44d49'07.618440""",B,Aug01,,J2000,,,,,,,,,,,
1112-219,11h12m49.848703s,"-21d58'29.351860""",B,Aug01,,J2000,,,,,,,,,,,
1118-465,11h18m26.957594s,"-46d34'15.001700""",A,Aug01,,J2000,,,,,,,,,,,
1119-030,11h19m25.3000s,"-03d02'51.320""",T,3C255,,J2000,,,,,,,,,,,
1120-251,11h20m09.120788s,"-25d08'07.608300""",C,Aug01,,J2000,,,,,,,,,,,
1127-189,11h27m04.392448s,"-18d57'17.441660""",A,Aug01,,J2000,,,,,,,,,,,
1130-148,11h30m07.052580s,"-14d49'27.388160""",A,Aug01,,J2000,,,,,,,,,,,
1131-050,11h31m30.516732s,"-05d00'19.657360""",A,Aug01,,J2000,,,,,,,,,,,
1139-138,11h39m10.702580s,"-13d50'43.639870""",A,Aug01,,J2000,,,,,,,,,,,
1142-116,11h42m35.0059s,"-11d41'47.838""",T,,,J2000,,,,,,,,,,,
1145-228,11h45m22.046820s,"-22d50'31.342980""",A,Aug01,,J2000,,,,,,,,,,,
1146-247,11h46m08.103374s,"-24d47'32.896810""",A,Aug01,,J2000,,,,,,,,,,,
1146-289,11h46m26.188639s,"-28d59'18.504680""",A,Aug01,,J2000,,,,,,,,,,,
1146-334,11h46m28.4520s,"-33d28'42.660""",C,May02,,J2000,,,,,,,,,,,
1147-382,11h47m01.370704s,"-38d12'11.023530""",A,Aug01,,J2000,,,,,,,,,,,
1147-074,11h47m51.554036s,"-07d24'41.141090""",A,Aug01,,J2000,,,,,,,,,,,
1150-003,11h50m43.870761s,"-00d23'54.204900""",A,Aug01,,J2000,,,,,,,,,,,
1154-350,11h54m21.7949s,"-35d05'28.992""",C,,,J2000,,,,,,,,,,,
1159-224,11h59m11.267271s,"-22d28'36.902200""",A,Aug01,,J2000,,,,,,,,,,,
1159-096,11h59m12.711685s,"-09d40'52.048720""",A,Aug01,,J2000,,,,,,,,,,,
1159-218,11h59m51.906135s,"-21d48'53.707610""",A,Aug01,,J2000,,,,,,,,,,,
1205-265,12h05m33.212335s,"-26d34'04.464570""",A,Aug01,,J2000,,,,,,,,,,,
1209-241,12h09m02.445128s,"-24d06'20.759560""",A,Aug01,,J2000,,,,,,,,,,,
1209-402,12h09m35.243358s,"-40d16'13.100240""",B,Aug01,,J2000,,,,,,,,,,,
1209-322,12h09m40.0563s,"-32d14'52.837""",C,Dec99,,J2000,,,,,,,,,,,
1215-175,12h15m46.751770s,"-17d31'45.402890""",A,Aug01,,J2000,,,,,,,,,,,
1218-460,12h18m06.251883s,"-46d00'29.007010""",C,Aug01,,J2000,,,,,,,,,,,
1235-418,12h35m41.9330s,"-41d53'18.010""",T,,,J2000,,,,,,,,,,,
1239-103,12h39m43.061498s,"-10d23'28.692800""",A,Aug01,,J2000,,,,,,,,,,,
1242-047,12h42m19.6650s,"-04d46'20.710""",T,Oct99,3C275,J2000,,,,,,,,,,,
1246-075,12h46m04.232113s,"-07d30'46.574500""",A,Aug01,,J2000,,,,,,,,,,,
1246-257,12h46m46.802040s,"-25d47'49.288830""",A,Aug01,,J2000,,,,,,,,,,,
1248-199,12h48m23.898197s,"-19d59'18.587620""",A,Aug01,,J2000,,,,,,,,,,,
1256-057,12h56m11.166560s,"-05d47'21.524580""",B,Aug01,3C279,J2000,,,,,,,,,,,
1257-319,12h57m59.060804s,"-31d55'16.851850""",A,Aug01,,J2000,,,,,,,,,,,
1258-223,12h58m54.478780s,"-22d19'31.125450""",A,Aug01,,J2000,,,,,,,,,,,
1305-105,13h05m33.015026s,"-10d33'19.428210""",A,Aug01,,J2000,,,,,,,,,,,
1308-098,13h08m39.1690s,"-09d50'32.680""",T,,,J2000,,,,,,,,,,,
1311-222,13h11m39.3347s,"-22d16'41.748""",C,3C283,,J2000,,,,,,,,,,,
1316-336,13h16m07.985939s,"-33d38'59.172500""",A,Aug01,,J2000,,,,,,,,,,,
1323-448,13h23m04.246182s,"-44d52'33.853400""",B,Aug01,,J2000,,,,,,,,,,,
1337-129,13h37m39.782780s,"-12d57'24.693230""",A,Aug01,,J2000,,,,,,,,,,,
1338-064,13h38m08.0700s,"-06d27'11.200""",T,Oct99,,J2000,,,,,,,,,,,
1339-263,13h39m19.890748s,"-26d20'30.495900""",A,Aug01,,J2000,,,,,,,,,,,
1347-080,13h47m01.5230s,"-08d03'23.840""",T,Oct99,,J2000,,,,,,,,,,,
1349-393,13h49m51.1675s,"-39d22'50.268""",T,,,J2000,,,,,,,,,,,
1351-148,13h51m52.649611s,"-14d49'14.555740""",A,Aug01,,J2000,,,,,,,,,,,
1352-442,13h52m56.534916s,"-44d12'40.387480""",A,Aug01,,J2000,,,,,,,,,,,
1354-021,13h54m06.895319s,"-02d06'03.190510""",A,Aug01,,J2000,,,,,,,,,,,
1356-343,13h56m05.3836s,"-34d21'10.824""",C,Jan97,,J2000,,,,,,,,,,,
1357-177,13h57m06.074200s,"-17d44'01.904130""",A,Aug01,,J2000,,,,,,,,,,,
1357-154,13h57m11.244974s,"-15d27'28.786530""",A,Aug01,,J2000,,,,,,,,,,,
1404-015,14h04m45.895457s,"-01d30'21.946690""",A,Aug01,,J2000,,,,,,,,,,,
1408-078,14h08m56.481200s,"-07d52'26.666330""",A,Aug01,,J2000,,,,,,,,,,,
1409-269,14h09m50.169776s,"-26d57'36.979720""",A,Aug01,,J2000,,,,,,,,,,,
1425-299,14h25m29.1162s,"-29d59'54.331""",T,,,J2000,,,,,,,,,,,
1427-421,14h27m56.297560s,"-42d06'19.437620""",A,Aug01,,J2000,,,,,,,,,,,
1428-276,14h28m28.1931s,"-27d41'51.042""",T,,,J2000,,,,,,,,,,,
1432-180,14h32m57.690643s,"-18d01'35.248850""",A,Aug01,,J2000,,,,,,,,,,,
1433-158,14h33m21.459309s,"-15d48'44.687310""",A,Aug01,,J2000,,,,,,,,,,,
1438-220,14h38m09.469425s,"-22d04'54.748090""",A,Aug01,,J2000,,,,,,,,,,,
1439-169,14h39m28.6749s,"-16d59'03.082""",T,,,J2000,,,,,,,,,,,
1439-155,14h39m56.872054s,"-15d31'50.555240""",A,Aug01,,J2000,,,,,,,,,,,
1445-164,14h45m53.376319s,"-16d29'01.619120""",A,Aug01,,J2000,,,,,,,,,,,
1448-163,14h48m15.054162s,"-16d20'24.548880""",A,Aug01,,J2000,,,,,,,,,,,
1454-377,14h54m27.409764s,"-37d47'33.144830""",A,Aug01,,J2000,,,,,,,,,,,
1454-402,14h54m32.912371s,"-40d12'32.514390""",A,Aug01,,J2000,,,,,,,,,,,
1507-168,15h07m04.786960s,"-16d52'30.267340""",A,Aug01,,J2000,,,,,,,,,,,
1510-057,15h10m53.591431s,"-05d43'07.417180""",A,Aug01,,J2000,,,,,,,,,,,
1512-090,15h12m50.532939s,"-09d05'59.829500""",B,Aug01,,J2000,,,,,,,,,,,
1513-102,15h13m44.893444s,"-10d12'00.264350""",A,Aug01,,J2000,,,,,,,,,,,
1513-212,15h13m56.970129s,"-21d14'57.506900""",A,Aug01,,J2000,,,,,,,,,,,
1517-243,15h17m41.813132s,"-24d22'19.475940""",A,Aug01,,J2000,,,,,,,,,,,
1522-275,15h22m37.675991s,"-27d30'10.785430""",A,Aug01,,J2000,,,,,,,,,,,
1526-138,15h26m59.440733s,"-13d51'00.163560""",B,Aug01,,J2000,,,,,,,,,,,
1543-079,15h43m01.687567s,"-07d57'06.629160""",B,Aug01,,J2000,,,,,,,,,,,
1554-270,15h54m02.469795s,"-27d04'40.233150""",A,Aug01,,J2000,,,,,,,,,,,
1557-000,15h57m51.433973s,"-00d01'50.413710""",A,Aug01,,J2000,,,,,,,,,,,
1558-141,15h58m21.948056s,"-14d09'59.050910""",A,Aug01,,J2000,,,,,,,,,,,
1604-446,16h04m31.024731s,"-44d41'31.909238""",A,,,J2000,,,,,,,,,,,
1605-175,16h05m02.1926s,"-17d34'14.406""",T,,,J2000,,,,,,,,,,,
1607-335,16h07m34.762344s,"-33d31'08.913130""",A,Aug01,,J2000,,,,,,,,,,,
1623-116,16h23m59.5170s,"-11d40'43.790""",T,,,J2000,,,,,,,,,,,
1625-254,16h25m46.891639s,"-25d27'38.326880""",A,Aug01,,J2000,,,,,,,,,,,
1625-311,16h25m55.4381s,"-31d08'08.341""",T,,,J2000,,,,,,,,,,,
1626-298,16h26m06.020843s,"-29d51'26.971080""",A,Aug01,,J2000,,,,,,,,,,,
1646-224,16h46m04.7335s,"-22d27'59.903""",T,,,J2000,,,,,,,,,,,
1650-297,16h50m39.544144s,"-29d43'46.954940""",A,Aug01,,J2000,,,,,,,,,,,
1658-076,16h58m44.0610s,"-07d39'17.629""",C,,,J2000,,,,,,,,,,,
1700-261,17h00m53.154055s,"-26d10'51.725110""",A,Aug01,,J2000,,,,,,,,,,,
1701-299,17h01m09.7599s,"-29d54'39.229""",T,,,J2000,,,,,,,,,,,
1709-174,17h09m34.345380s,"-17d28'53.364800""",A,Aug01,,J2000,,,,,,,,,,,
1712-281,17h12m57.0055s,"-28d09'33.056""",T,,,J2000,,,,,,,,,,,
1713-269,17h13m31.2756s,"-26d58'52.523""",B,Nov02,JVAS,J2000,,,,,,,,,,,
1714-252,17h14m47.8570s,"-25d14'35.144""",C,Apr97,,J2000,,,,,,,,,,,
1717-337,17h17m36.0300s,"-33d42'08.764""",B,Nov02,JVAS,J2000,,,,,,,,,,,
1717-398,17h17m38.5977s,"-39d48'52.586""",B,Nov02,JVAS,J2000,,,,,,,,,,,
1720-358,17h20m21.8042s,"-35d52'47.708""",C,May00,,J2000,,,,,,,,,,,
1733-130,17h33m02.705790s,"-13d04'49.548230""",B,Aug01,,J2000,,,,,,,,,,,
1733-373,17h33m15.1926s,"-37d22'32.396""",B,Nov02,JVAS,J2000,,,,,,,,,,,
1743-309,17h43m17.8801s,"-30d58'17.697""",C,,,J2000,,,,,,,,,,,
1743-038,17h43m58.856137s,"-03d50'04.616680""",A,Aug01,,J2000,,,,,,,,,,,
1744-312,17h44m23.5826s,"-31d16'35.986""",C,May00,,J2000,,,,,,,,,,,
1745-078,17h45m27.1040s,"-07d53'03.600""",C,Dec00,,J2000,,,,,,,,,,,
1745-290,17h45m40.0383s,"-29d00'28.069""",C,Apr99,SgrA*,J2000,,,,,,,,,,,
1751-253,17h51m51.263047s,"-25d24'00.060610""",B,Aug01,,J2000,,,,,,,,,,,
1755-225,17h55m26.2847s,"-22d32'10.593""",B,Nov02,JVAS,J2000,,,,,,,,,,,
1807-251,18h07m40.6899s,"-25d06'25.906""",B,Nov02,JVAS,J2000,,,,,,,,,,,
1811-209,18h11m06.8000s,"-20d55'03.444""",T,,,J2000,,,,,,,,,,,
1812-068,18h12m50.941918s,"-06d48'23.853810""",T,Aug01,,J2000,,,,,,,,,,,
1818-111,18h18m19.3166s,"-11d08'48.329""",B,Nov02,JVAS,J2000,,,,,,,,,,,
1820-097,18h20m38.1071s,"-09d47'17.071""",T,,,J2000,,,,,,,,,,,
1820-254,18h20m57.848685s,"-25d28'12.584560""",A,Aug01,,J2000,,,,,,,,,,,
1822-131,18h22m10.9030s,"-13d09'44.230""",T,,,J2000,,,,,,,,,,,
1822-096,18h22m28.7042s,"-09d38'56.835""",T,,,J2000,,,,,,,,,,,
1825-173,18h25m36.5367s,"-17d18'49.945""",C,Oct01,VERA,J2000,,,,,,,,,,,
1830-360,18h30m58.8829s,"-36d02'30.132""",C,,,J2000,,,,,,,,,,,
1832-206,18h32m11.0465s,"-20d39'48.203""",B,Nov02,JVAS,J2000,,,,,,,,,,,
1832-105,18h32m20.8360s,"-10d35'11.200""",C,Aug99,,J2000,,,,,,,,,,,
1833-210,18h33m39.9150s,"-21d03'40.050""",C,Jun01,,J2000,,,,,,,,,,,
1834-030,18h34m13.9273s,"-03d01'21.125""",B,Nov02,JVAS,J2000,,,,,,,,,,,
1834-126,18h34m19.2165s,"-12d37'40.945""",T,,,J2000,,,,,,,,,,,
1902-234,19h02m49.2525s,"-23d29'52.084""",T,,,J2000,,,,,,,,,,,
1911-201,19h11m09.652893s,"-20d06'55.109070""",A,Aug01,,J2000,,,,,,,,,,,
1923-210,19h23m32.189815s,"-21d04'33.333080""",A,Aug01,,J2000,,,,,,,,,,,
1924-292,19h24m51.055957s,"-29d14'30.121150""",A,Aug01,,J2000,,,,,,,,,,,
1937-399,19h37m16.217362s,"-39d58'01.553060""",A,Aug01,,J2000,,,,,,,,,,,
1939-154,19h39m26.657740s,"-15d25'43.058320""",A,Aug01,,J2000,,,,,,,,,,,
1939-100,19h39m57.256573s,"-10d02'41.521100""",A,Aug01,,J2000,,,,,,,,,,,
1941-154,19h41m15.0289s,"-15d24'31.309""",T,,,J2000,,,,,,,,,,,
1949-199,19h49m53.420177s,"-19d57'13.330400""",A,Aug01,VSOP,J2000,,,,,,,,,,,
1956-076,19h56m11.0910s,"-07d36'54.567""",T,3C404,,J2000,,,,,,,,,,,
1956-324,19h56m59.4858s,"-32d25'46.277""",C,,,J2000,,,,,,,,,,,
1957-387,19h57m59.819271s,"-38d45'06.356260""",A,Aug01,,J2000,,,,,,,,,,,
2000-178,20h00m57.090448s,"-17d48'57.672510""",A,Aug01,,J2000,,,,,,,,,,,
2003-328,20h03m24.116306s,"-32d51'45.132310""",A,Aug01,,J2000,,,,,,,,,,,
2005-373,20h05m55.0728s,"-37d23'41.191""",C,,,J2000,,,,,,,,,,,
2007-445,20h07m55.1880s,"-44d34'43.102""",C,,,J2000,,,,,,,,,,,
2011-067,20h11m14.215847s,"-06d44'03.555190""",A,Aug01,,J2000,,,,,,,,,,,
2011-157,20h11m15.710931s,"-15d46'40.253820""",A,Aug01,,J2000,,,,,,,,,,,
2035-349,20h35m47.8091s,"-34d54'08.925""",T,,,J2000,,,,,,,,,,,
2040-251,20h40m08.772872s,"-25d07'46.662820""",A,Aug01,,J2000,,,,,,,,,,,
2047-026,20h47m10.3514s,"-02d36'22.152""",C,3C422,,J2000,,,,,,,,,,,
2047-166,20h47m19.667018s,"-16d39'05.842580""",A,Aug01,,J2000,,,,,,,,,,,
2057-375,20h57m41.603454s,"-37d34'02.989870""",A,Aug01,,J2000,,,,,,,,,,,
2101-295,21h01m01.659969s,"-29d33'27.836500""",A,Aug01,,J2000,,,,,,,,,,,
2101-423,21h01m59.114191s,"-42d19'16.161870""",B,Aug01,,J2000,,,,,,,,,,,
2109-411,21h09m33.188582s,"-41d10'20.605300""",A,Aug01,,J2000,,,,,,,,,,,
2110-103,21h10m00.979002s,"-10d20'57.319410""",A,Aug01,VSOP,J2000,,,,,,,,,,,
2114-350,21h14m03.3425s,"-35d02'35.632""",T,,,J2000,,,,,,,,,,,
2114-256,21h14m40.0404s,"-25d41'48.835""",T,,,J2000,,,,,,,,,,,
2129-156,21h29m12.175902s,"-15d38'41.040850""",A,Aug01,,J2000,,,,,,,,,,,
2129-183,21h29m21.419099s,"-18d21'22.790190""",A,Aug01,,J2000,,,,,,,,,,,
2131-206,21h31m01.4866s,"-20d36'56.376""",T,,,J2000,,,,,,,,,,,
2131-121,21h31m35.261758s,"-12d07'04.795880""",A,Aug01,,J2000,,,,,,,,,,,
2134-018,21h34m10.309614s,"-01d53'17.238900""",A,Aug01,,J2000,,,,,,,,,,,
2137-207,21h37m50.0018s,"-20d42'31.751""",C,,,J2000,,,,,,,,,,,
2138-246,21h38m37.181102s,"-24d39'54.466150""",A,Aug01,,J2000,,,,,,,,,,,
2142-046,21h42m36.901689s,"-04d37'43.512810""",A,Aug01,,J2000,,,,,,,,,,,
2146-154,21h46m22.979340s,"-15d25'43.885260""",A,Aug01,,J2000,,,,,,,,,,,
2149-130,21h49m28.6525s,"-13d04'25.161""",T,,,J2000,,,,,,,,,,,
2151-304,21h51m55.524001s,"-30d27'53.698170""",A,Aug01,,J2000,,,,,,,,,,,
2152-284,21h52m03.7352s,"-28d28'28.218""",T,,,J2000,,,,,,,,,,,
2158-150,21h58m06.281901s,"-15d01'09.328090""",A,Aug01,,J2000,,,,,,,,,,,
2158-302,21h58m52.065093s,"-30d13'32.118420""",A,Aug01,,J2000,,,,,,,,,,,
2206-185,22h06m10.417082s,"-18d35'38.746520""",B,Aug01,,J2000,,,,,,,,,,,
2213-254,22h13m02.497951s,"-25d29'30.079710""",A,Aug01,,J2000,,,,,,,,,,,
2214-385,22h14m38.569313s,"-38d35'45.009880""",B,Aug01,,J2000,,,,,,,,,,,
2218-035,22h18m52.037725s,"-03d35'36.879410""",A,Aug01,,J2000,,,,,,,,,,,
2219-279,22h19m40.9420s,"-27d56'26.860""",T,,,J2000,,,,,,,,,,,
2225-049,22h25m47.259291s,"-04d57'01.390730""",A,Aug01,3C446,J2000,,,,,,,,,,,
2229-085,22h29m40.084346s,"-08d32'54.435410""",A,Aug01,,J2000,,,,,,,,,,,
2230-397,22h30m40.278593s,"-39d42'52.067240""",A,Aug01,,J2000,,,,,,,,,,,
2236-145,22h36m34.087168s,"-14d33'22.189590""",A,Aug01,,J2000,,,,,,,,,,,
2243-257,22h43m26.408781s,"-25d44'30.687300""",A,Aug01,,J2000,,,,,,,,,,,
2246-121,22h46m18.231976s,"-12d06'51.277340""",A,Aug01,,J2000,,,,,,,,,,,
2248-325,22h48m38.685732s,"-32d35'52.187830""",A,Aug01,,J2000,,,,,,,,,,,
2255-087,22h55m04.239787s,"-08d44'04.021710""",A,Aug01,,J2000,,,,,,,,,,,
2257-364,22h57m10.6141s,"-36d27'43.710""",C,Jan00,,J2000,,,,,,,,,,,
2258-279,22h58m05.962888s,"-27d58'21.256750""",B,Aug01,,J2000,,,,,,,,,,,
2302-373,23h02m23.890588s,"-37d18'06.842000""",C,Aug01,,J2000,,,,,,,,,,,
2303-305,23h03m05.821190s,"-30d30'11.473180""",B,Aug01,,J2000,,,,,,,,,,,
2307-415,23h07m54.3358s,"-41d32'42.812""",T,,,J2000,,,,,,,,,,,
2314-449,23h14m09.382807s,"-44d55'49.237720""",B,Aug01,,J2000,,,,,,,,,,,
2314-316,23h14m48.500631s,"-31d38'39.526510""",A,Aug01,,J2000,,,,,,,,,,,
2321-163,23h21m01.9589s,"-16d23'05.187""",T,,,J2000,,,,,,,,,,,
2323-032,23h23m31.953757s,"-03d17'05.023800""",A,Aug01,,J2000,,,,,,,,,,,
2324-372,23h24m07.1120s,"-37d14'22.424""",C,Jan00,,J2000,,,,,,,,,,,
2325-121,23h25m19.7730s,"-12d07'27.091""",T,,,J2000,,,,,,,,,,,
2326-404,23h26m34.1409s,"-40d27'15.159""",T,,,J2000,,,,,,,,,,,
2327-147,23h27m47.964268s,"-14d47'55.750680""",A,Aug01,,J2000,,,,,,,,,,,
2331-159,23h31m38.652436s,"-15d56'57.009520""",A,Aug01,,J2000,,,,,,,,,,,
2331-381,23h31m59.476115s,"-38d11'47.650530""",A,Aug01,,J2000,,,,,,,,,,,
2333-237,23h33m55.237807s,"-23d43'40.657990""",A,Aug01,,J2000,,,,,,,,,,,
2337-025,23h37m57.339089s,"-02d30'57.629370""",A,Aug01,,J2000,,,,,,,,,,,
2339-331,23h39m54.5330s,"-33d10'16.900""",C,Dec00,,J2000,,,,,,,,,,,
2341-351,23h41m45.8910s,"-35d06'22.130""",T,,,J2000,,,,,,,,,,,
2348-165,23h48m02.608516s,"-16d31'12.022020""",B,Aug01,,J2000,,,,,,,,,,,
2354-152,23h54m30.195190s,"-15d13'11.213010""",A,Aug01,,J2000,,,,,,,,,,,
2357-114,23h57m31.197570s,"-11d25'39.176340""",A,Aug01,,J2000,,,,,,,,,,,
2358-103,23h58m10.882409s,"-10d20'08.611260""",A,Aug01,,J2000,,,,,,,,,,,
2359-315,23h59m35.4940s,"-31d33'43.820""",C,Jan00,,J2000,,,,,,,,,,,
